vprog,amp_neuron,vth,input_nbr,tau_in,tau_out,lr,iterations,presentation_time,dt,n_neurons,inhibition_time,vprog_increment,ref,accuracy,accuracy_2
-0.875,0.1,0.5,6000.0,0.06,0.06,1.0,1.0,0.35,0.005,30.0,10.0,0.0,0.001,43.96666666666667,44.07
-0.875,0.1,0.5,6000.0,0.06,0.06,1.0,1.0,0.35,0.005,30.0,10.0,0.0,0.002,44.516666666666666,45.58
-0.875,0.1,0.5,6000.0,0.06,0.06,1.0,1.0,0.35,0.005,30.0,10.0,0.0,0.003,46.36666666666667,46.88
-0.875,0.1,0.5,6000.0,0.06,0.06,1.0,1.0,0.35,0.005,30.0,10.0,0.0,0.004,44.13333333333333,44.22
-0.875,0.1,0.5,6000.0,0.06,0.06,1.0,1.0,0.35,0.005,30.0,10.0,0.0,0.005,34.46666666666667,34.78
-0.875,0.1,0.5,6000.0,0.06,0.06,1.0,1.0,0.35,0.001,30.0,10.0,0.0,0.001,20.483333333333334,12.35
-0.875,0.1,0.5,6000.0,0.06,0.06,1.0,1.0,0.35,0.001,30.0,10.0,0.0,0.002,19.3,12.03
-0.875,0.1,0.5,6000.0,0.06,0.06,1.0,1.0,0.35,0.001,30.0,10.0,0.0,0.003,27.28333333333333,12.72
