vprog,amp_neuron,vth,input_nbr,tau_in,tau_out,lr,iterations,presentation_time,dt,n_neurons,inhibition_time,vprog_increment,accuracy,accuracy_2
-0.9,0.07,0.16,1000.0,0.06,0.03,1.0,1.0,0.35,0.005,30.0,10.0,0.0,62.65060240963856,14.46
-0.9,0.07,0.16,1000.0,0.06,0.03,1.0,1.0,0.35,0.005,50.0,10.0,0.0,67.46987951807229,9.04
-0.9,0.07,0.16,1000.0,0.06,0.03,1.0,1.0,0.35,0.005,70.0,10.0,0.0,73.49397590361446,9.04
