vprog,amp_neuron,vth,input_nbr,tau_in,tau_out,lr,iterations,presentation_time,dt,n_neurons,inhibition_time,vprog_increment,ref,accuracy,accuracy_2
-0.9,0.075,0.5,1000.0,0.06,0.06,1.0,1.0,0.35,0.005,30.0,5.0,0.0,0.002,60.66666666666667,62.82
-0.9,0.075,0.5,1000.0,0.06,0.06,1.0,1.0,0.35,0.005,30.0,5.0,0.0,0.005,60.35,61.38
-0.9,0.075,0.5,1000.0,0.06,0.06,1.0,1.0,0.35,0.005,30.0,5.0,0.0,0.01,48.483333333333334,45.92
-0.9,0.075,0.5,1000.0,0.06,0.06,1.0,1.0,0.35,0.005,30.0,10.0,0.0,0.002,61.8,62.68
-0.9,0.075,0.5,1000.0,0.06,0.06,1.0,1.0,0.35,0.005,30.0,10.0,0.0,0.005,62.21666666666666,62.85
