vprog,amp_neuron,vth,input_nbr,tau_in,tau_out,lr,iterations,presentation_time,dt,n_neurons,inhibition_time,vprog_increment,ref,synapse_layer_1,accuracy,accuracy_2
-0.9,0.075,0.5,1000.0,0.06,0.06,1.0,1.0,0.35,0.001,50.0,2.0,0.0,0.002,,11.799999999999999,24.6
-0.9,0.1,0.5,1000.0,0.06,0.06,1.0,1.0,0.35,0.001,50.0,2.0,0.0,0.002,,8.7,24.0
-0.9,0.5,0.5,1000.0,0.06,0.06,1.0,1.0,0.35,0.001,50.0,2.0,0.0,0.002,,12.9,21.7
-0.9,1.0,0.5,1000.0,0.06,0.06,1.0,1.0,0.35,0.001,50.0,2.0,0.0,0.002,,13.200000000000001,24.4
-0.85,0.075,0.5,1000.0,0.06,0.06,1.0,1.0,0.35,0.001,50.0,2.0,0.0,0.002,,12.3,24.7
