vprog,amp_neuron,vth,input_nbr,tau_in,tau_out,lr,iterations,presentation_time,dt,n_neurons,inhibition_time,vprog_increment,accuracy,accuracy_2
-0.9,0.1,0.5,1000.0,0.06,0.06,1.0,1.0,0.35,0.005,20.0,10.0,0.0,33.63333333333333,33.68
-0.9,0.1,0.5,1000.0,0.06,0.06,1.0,1.0,0.35,0.005,50.0,10.0,0.0,44.4,44.95
-0.9,0.1,0.5,1000.0,0.06,0.06,1.0,1.0,0.35,0.005,100.0,10.0,0.0,48.46666666666667,49.75
