vprog,amp_neuron,vth,input_nbr,tau_in,tau_out,lr,iterations,presentation_time,dt,n_neurons,inhibition_time,vprog_increment,accuracy,accuracy_2
-0.85,0.07,0.16,1000.0,0.06,0.03,1.0,1.0,0.35,0.005,20.0,10.0,0.0,54.81927710843374,7.83
-0.9,0.07,0.16,1000.0,0.06,0.03,1.0,1.0,0.35,0.005,20.0,10.0,0.0,56.62650602409639,18.67
-0.95,0.07,0.16,1000.0,0.06,0.03,1.0,1.0,0.35,0.005,20.0,10.0,0.0,46.3855421686747,13.25
